Product SKU,StockCode
GGOENEBQ079099,21421
GGOENEBQ079199,21422
GGOENEBQ084699,22178
GGOEGAEB091117,20749
GGOENEBB078899,21056
GGOENEBQ086799,21730
GGOEGAEQ027917,21871
GGOEGAXB089228,21071
GGOENEBJ079499,21068
GGOEGAEJ028116,22189
GGOEGDWQ087699,21364
GGOENEBQ078999,22219
GGOENEBQ092299,20966
GGOEGOAQ012899,22107
GGOEGOAR013099,22109
GGOEGDHJ087399,21181
GGOEGDHQ086199,21042
GGOEAKDH019899,22111
GGOEYAEJ092114,22271
GGOEGAPB087899,22272
GGOEWAAJ083516,22273
GGOEYAEJ092116,22274
GGOENEBD084799,20963
GGOENEBQ086499,21172
GGOEGDHC018299,21754
GGOEAFKA087599,21756
GGOEAFKQ020599,21481
GGOEGFKQ020399,22114
GGOEGOCJ093999,21955
GGOEGALJ073317,21733
GGOENEBQ093499,21790
GGOENEBQ093599,21889
GGOEGAEL091312,21915
GGOEGAEL091315,21272
GGOEGDHC087099,22149
GGOEGAEL091316,22044
GGOEGAEB091114,21918
GGOEAAEQ091616,21791
GGOENEBJ081899,22029
GGOEGAEC090713,22037
GGOEGAEH090613,21360
GGOEGAEL091313,22120
GGOEGAEH090617,21137
GGOEGAET090517,21356
GGOEYAEJ092117,21354
GGOEGBRJ037299,22179
GGOEGGCX056199,21125
GGOEYALQ091913,20893
GGOEAAEQ091613,21743
GGOEGAEH090615,20975
GGOEGAEC090715,21592
GGOEGAEB090914,22197
GGOEGAEH090614,22198
GGOEGAXB089230,21914
GGOENEBQ081599,21215
GGOEGAEB090915,21212
GGOEGAEJ028115,21977
GGOEAFKQ020499,21328
GGOEAAEQ091614,21058
GGOEGAEH090616,21060
GGOENEBQ086899,21061
GGOEGAET090515,21062
GGOEGAEC090717,21719
GGOEGALJ091014,21722
GGOEGDHH087299,21724
GGOEGDHR086999,21883
GGOEGDHT087199,21881
GGOEGAEB091112,21880
GGOEGAEB091113,10135
GGOEGAMC088199,21355
GGOEGALJ091015,21518
GGOEGAET090514,21520
GGOEGHPB071610,21506
GGOEGFKA086699,22023
GGOEYAEB091813,21519
GGOEWEBB082699,22030
GGOEGAEB091118,22027
GGOEGAEC090718,22028
GGOEAAEB091715,21670
GGOEAAEB091713,21669
GGOENEBQ081699,21671
GGOEAFKA087499,21673
GGOEGAXL089455,21672
GGOEGAXP089355,22245
GGOEWFKA082999,21069
GGOEGAEH090618,21070
GGOEGAXL089429,20914
GGOEAALB091514,21843
GGOEAAEQ091615,21588
GGOEGGCX056299,21584
GGOEWAAJ082816,21755
GGOEWFKA083199,21931
GGOEGAEB091115,21875
GGOEGAPL087999,21479
GGOEGAEH090612,21484
GGOEGAET090512,21485
GGOEGGCX056399,21217
GGOEGAEL091317,22301
GGOEGAUC057713,22086
GGOEGAUC057715,20674
GGOEGALL093214,20676
GGOEAALJ091413,20727
GGOEGAEB091116,21967
GGOEGAEL091318,22170
GGOEGAEC090714,21210
GGOEGAUC057714,21679
GGOEAAEB091716,22094
GGOEWFKA083299,21080
GGOEGOLC014299,21429
GGOEGBRJ037399,21428
GGOEGAXB089255,21877
GGOEYAEJ092113,21870
GGOEGAWH062049,21868
GGOEGALJ091013,22112
GGOEGOCC017599,22130
GGOEGAEC090716,20733
GGOENEBQ086599,16046
GGOEGAET090516,22196
GGOEGAWH062048,21154
GGOEYAEB091814,22195
GGOEGAUC057716,21326
GGOEYAEB091815,20878
GGOEYOCB092699,20967
GGOEGAEB090916,21098
GGOEAAEB091714,20992
GGOEGAEB090912,22113
GGOEGAWH062050,21430
GGOEGGOA017399,21313
GGOEGOCL087799,21108
GGOEGOCR017899,22090
GGOEGAEB090913,22071
GGOEGAXP089330,22070
GGOEAAEB091717,21216
GGOEGAXL089430,20983
GGOEGOAQ020099,20750
GGOEGAEC090712,21041
GGOEYAEJ092118,21537
GGOEAALB091513,21533
GGOEYAEB091816,21527
GGOEWALJ082713,21538
GGOEGAXB089229,22131
GGOEGAET090513,21163
GGOEAAEB091718,21158
GGOEWAAJ082815,21161
GGOEAALB091515,21159
GGOEAAEB091712,22212
GGOEYALQ091914,22188
GGOEYAEB091812,21390
GGOEYALQ091915,22297
GGOEYAXQ089529,22285
GGOEYAXQ089555,22284
GGOEGALL093216,21383
GGOEYAEB091818,21381
GGOEGAEL091314,21380
GGOEYFKQ020699,22210
GGOEGAXL089428,22209
GGOEWFKA083099,22208
GGOEGALJ091016,20974
GGOEYAEB091817,20982
GGOEWAAJ082817,21872
GGOEGALJ073316,21888
GGOEGAXP089328,20754
GGOEYAXB089655,22187
GGOEYAXQ089528,20723
GGOENEBB081499,20969
GGOEYAXB089630,20970
GGOEGBMJ013399,22110
GGOEGCBC074299,21741
GGOEAAEQ091617,21738
GGOEGAEB090917,21739
GGOEYAXB089629,21385
GGOEYAWQ089749,21288
GGOEGAAB010513,21014
GGOEWAAJ082813,21803
GGOEWAAJ083513,21801
GGOEGHGH019699,21034
GGOEGEHQ071199,22202
GGOEGDHR018499,21064
GGOEGGCX092599,16235
GGOEGALJ036416,20986
GGOEGALQ036616,20832
GGOEGAAC035015,22168
GGOEGALB036515,21563
GGOEWCKQ085457,21769
GGOENEBQ081799,22294
GGOEGALB036514,22295
GGOEGOAA017199,21586
GGOEGALQ036615,21731
GGOEGOCC077999,21913
GGOEGAAJ032816,20798
GGOEGALQ036614,21249
GGOEGATH060714,21561
GGOEGOCC077299,21218
GGOEGDHC015299,22215
GGOEAAAB081017,21238
GGOEGAYR068226,20675
GGOEAAAB034917,21239
GGOEGAEC029117,21244
GGOEGAYR068225,21245
GGOEAAAB034814,21213
